Pék Roland;203
Illin Zita;168
Ördögh Dániel;197
Barta Ildikó;154
Simony Kata;192
Csepreg Natália;153
Nagy Petra;150
Vörös Dóra;171
Varga Boldizsár;155
Szilágyi Réka;198
Helle Ágnes;168
Gyömbér Anna;185
Farkas Dária;158
Barta Zsuzsanna;202
Schiss Bence;155
Szabó Attila;177
Nagy Dorottya;152
Lengyel Lilla;170
Csiszár Nikolett;152
Kond Lili;203
Fehér Orsolya;151
Haskó Fanni;151
Sós Gábor;208
Kondász Ferenc;181
Magyari Tekla;210
Nagy Enikő;162
Kónya Barbara;160
Kollár Zóra;178
Petrás Lili;174
Lucza Kata;207
Szabad Eta;205
Iványi Gréta;168
Ráskai Kata;194
Toldi Viktória;190
Török Róbert;185
Oláh Soma;172
Pintér Tímea;155
Kasznár Henrietta;209
Bodó Bence;153
Ádám Bella;178
Hegyközi Martin;176
Kiss Dorina;199
Háló Ildikó;185
Ficzak Lili;181
Juhász Viktor;196
Dombovári Anna;166
Marosi Mercédesz;194
Bozóki Gábor;191
Szabó Lilla;189
Csank János;173
Kárpáti Ádám;209
Peregi Petra;151
Sebők Dániel;175
Balassa Viktor;174
Kovács Anett;169
Papp Viola;171
Lehóczky Nanetta;166
Gajda Blanka;176
Buzás Fabióla;196
Takács Márkó;178
Varga Mónika;185
Papp Evelin;190
Kovács Alexandra;174
Árpás Soma;177
Erdélyi Réka;153
Kahi Zsanett;199
Betyák Éva;166
Bozó Noémi;157
Kerényi Zsuzsanna;198
István Luca;169
Rideg Emília;199
Szurovecz Nóra;209
Józsa Sára;209
Thury Lilla;155
Hajdú Zília;173
Kertész Bence;159
Bánfi Bernadett;208
Ormódi Viktor;180
Szolnoki Martin;177
Szabó Vivien;156
Böröcz Mónika;172
Gyémánt Péter;192
Halász Anett;184
Lengyel Dóra;193
Czirok Anna;192
Kovács Norbert;179
Borbás Géza;186
Elek Miklós;203
Nagy Renáta;177
Ádám Izolda;204
Kis Beáta;207
Bóna Zsuzsanna;156
Kertész András;177
Kimler Nikolett;199
Molnár Ádám;202
Bodza Tamás;208
Fülöp Blanka;155
Tombácz Miklós;194
Kenderesi Máté;199
Alföldi Annamária;192
Mihalcsik Dániel;171
Farkas Anett;167
Takács Rebeka;185
Lajkó Réka;164
Guba Anna;205
Molnár Márton;176
Balogh Lili;167
Selmeci Dóra;208
Dancs György;185
Mészáros Emese;178
Vásárhelyi Tamás;204
Gyuris Zsófia;194
Kis Antal;196
Karácsonyi Zsófia;178
Hódi Lőrinc;192
Szántó Johanna;204
Balog Kristóf;193
Firge Nóra;166
Májer Orsolya;207
Papp Éva;199
Nagy Fanni;192
Dávid Bettina;178
Csernyik Sára;187
Ludányi Flóra;165
Kovács László;196
Deák István;150
Sisák Andrea;185
Erdélyi Krisztina;209
Schulcz Daniella;194
Engi Zsuzsanna;167
Koltay Emese;193
Vári Lívia;180
Szamosközi Gergely;194
Somogyi Márk;203
Bakai József;190
Gábor Katalin;159
Jónás Ágota;197
Barta Tamás;171
Juhász Ákos;152
Szántó Kornélia;184
Petrik Zsófia;160
Durczás Réka;172
Dancs Richárd;208
Arany Péter;180
Hart Alíz;201
Mészáros Renáta;187
Fröhlich Zsombor;177
Biró Nóra;188
Peták Helga;210
Kerti Borbála;202
Szántó Ákos;152
Nyári Péter;150
Jak Balázs;188
Sikk Dániel;204
Mészáros Flóra;203
Szerencsés Zsófia;171
Pesti Richárd;164
Bertók Dániel;163
Tomka Máté;187
Végh Vanessa;169
Vass András;184
Forgó Annamária;201
Skót Tamara;170
Bozó Dániel;175
Korom Viola;187
Kovács Dominika;187
Farkas Máté;167
Vezsi Attila;172
Zsikai Krisztina;191
Neuer Benedek;198
Nagy Máté;210
Farkas Stella;158
Kristóf Réka;152
Bodnár Kinga;201
Patonai Dóra;155
Font Bernadett;167
Boldizsár Tas;205
Szabó Dorottya;180
Benkő Tünde;197
Zsolczai Balázs;169
Szepes Edit;189
Tóth Luca;194
Kiss Nikolett;186
Mészáros Zsuzsanna;175
Janka Csanád;178
Csete Boglárka;185
Rabi Szimonetta;184
Fődi Noémi;203
Gyulai Noémi;174
Fodor Viktória;196
Földesi Tamás;188
Kovács Bence;179
Siklósi Jolán;178
Mészáros Réka;206
Rácz Elza;179
Horváth Viktória;173
Lehoczky Máté;205
Kovács Kata;186
Bozsó Zsófia;190
Jójárt Nóra;206
Marosi Zsanett;196
Bajus Fruzsina;178
Ördög Lili;150
Alsó Dóra;167
Honti Viktória;195
Matuska Zita;175
Bóka Nátán;174
Seprenyi Lajos;181
Derék Ágnes;163
Pálfi Henrietta;153
Urbán Csenge;186
Erdélyi Kristóf;199
Boros János;210
Motyovszki Márk;205
Márton Hunor;185
Belső Regina;167
Veres Zsófia;158
Mari Éva;157
Kovalcsik Evelin;185
Tari Zsófia;167
Mészáros Réka;158
Igaz Dóra;204
Molnár Zsombor;185
Váczi Levente;169
Farkas Sára;152
Szalai Máté;191
Varga Kristóf;186
Deme Krisztina;164
Jabb Anna;166
Ábrahám Katalin;177
Dani Georgina;200
Molnár Enik?;179
Árva Ákos;180
Scmok Georgina;183
Nyíl Zsófia;167
Demke Lili;179
Sári Zsófia;156
Seres Lilla;205
Vass Flóra;202
Kocsis Szabrina;167
Macsák Nóra;172
Sipos Erik;196
Gyebrovszki Csilla;209
Mészáros Kata;204
Sáringer Lilla;160
Kiss Dóra;188
Tóth Barbara;155
Keleti Hanna;151
Lehotai Anna;210
Sári Péter;196
Péter Gábor;161
Csala Ádám;209
Nyilas Ákos;198
Meleg Dániel;188
Kardos Éva;209
Király Petra;208
Werth Eszter;208
Hideg Lili;164
Bodor Borbála;150
Kallai Kata;166
Török Anett;204
Pusztai Bálint;188
Kispál Péter;187
Hegedűs Zsófia;210
Tamáska Lilla;202
Zsikó Veronika;186
Kampós Eszter;192
Kincses Noémi;190
Csonka József;197
Grosz Kata;181
Hóka Ágnes;193
Rozmár Eszter;174
Kasza Bence;169
Csorba Luca;168
Papp Sára;186
Ilke Adél;158
Harkály Klaudia;208
Zombori Réka;185
Hegedű Fanni;209
Balogh Viola;196
Papp Laura;210
Fekete Réka;207
Bárány Katalin;153
Vörös Lívia;209
Illés László;175
Varga Melitta;166
Fehér Krisztina;185
Szolga Ádám;172
Bálint Júlia;174
Tamás Dóra;204
Tóth Veronika;178
Kostyál Enikő;178
Menge Blanka;161
Brávik Lili;191
Gesztes Beáta;180
Lévai Tamás;192
Farkas Ágota;175
Pammer Petra;178
Juhász Anna;191
Vincze Annabella;187
Balogh Valentina;181
Tóth László;195
Püski Kitti;190
Kotroczó Barnabás;167
Boldog Dániel;168
Gárgyán Patrik;173
Baka Ágota;163
Pataki Gábor;182
Almási Rebeka;183
Kiss Márton;155
Farkas Barnabás;155
Iván Gedeon;198
Jánosi Zsófia;197
Nagy Zsombor;165
Silver Zoltán;208
Bálint Leticia;164
Réti Dániel;208
Hódi Emese;150
Csőke Alexandra;178
Lengyel Trisztán;205
Kiss Brigitta;178
Réti Dániel;157
Szabó Noémi;159
Hajnal Fanni;161
Bitó Bálint;163
Heller Szabolcs;175
Balogh Nikolett;207
Erk Fruzsina;199
Varga Szilvia;164
Bajnai Krisztián;186
Nyári Barnabás;177
Szepesi Vivien;187
Patyi Tamás;174
Paja Tamás;194
Kincses Kristóf;208
Vass Anna;161
Tésnyei Tamás;182
Árpádfalvi Enikő;170
Tóth Ákos;201
Kertész Szilvia;204
Meller Gabriella;208
Csuka Beáta;200
Hegedűs Zénó;205
Kovács Szilárd;210
Szovics Dóra;159
Sümegi Zsanett;154
Lukács Tamás;154
Gárgyán Rita;208
Szirovicza Bernadett;183
Halk János;201
Borda Tibor;159
Hal Bettina;199
Kun Dániel;202
Pless Gergő;175
Moldován Tamás;198
Pop Ramóna;176
Horváth Lili;194
Móricz Rea;199
Jenei Dániel;203
Vlocskó Gábor;207
Szűcs Péter;169
Dömötör Enikő;179
Pásztor Nándor;208
Elek Vivien;152
Nagy Balázs;167
Jenke Adrienn;178
Lehoczki Réka;179
Binszki Zoé;208
Kamarás Attila;160
Mezőlaki Bendegúz;158
Gyapjas László;156
Máté Martin;207
Kerekes Patrícia;185
Kónya Patrik;153
Csáki Márton;209
Gecse Dóra;186
Molnár Tünde;161
Rabi Máté;193
Garai Adél;169
Rádi Bianka;178
Pannonhalmi Martin;174
Kása Lilla;186
Varga Zsolt;165
Szűcs Mónika;157
Kun Tamás;164
Szabados Balázs;208
Szécsi Brigitta;184
Balázs Domonkos;202
Nagy Ákos;161
Dóka Dóra;175
Sisák Judit;186
Takács Lilla;180
Avas Márton;208
Gyimóth Patrik;168
Jónás László;187
Bróm Bettina;154
Gudmann Annamária;195
Kiss Noémi;194
Barna Zita;209
Dorogi Emese;153
Ajtósi Patrik;186
Lenkei Tamás;181
Zentay Melitta;150
Kelemen Zsófia;183
Szűcs Kornél;173
Rácz Flóra;162
Ódor Luca;164
Rádi Luca;208
Vastag Tibor;166
Kisteleki Igor;176
Antalics Dominika;176
Horváth Ferenc;187
Lengyel Ádám;171
Kozma Klaudia;182
Csizmadia Vivien;153
Reszegi Béla;174
Lénárt Sára;174
Bogdándi Dávid;176
Buzás György;165
Ridegh Anna;186
Koncz Béla;186
Kolozsvári Zsófia;155
Kiss Alexandra;153
Juhász Anasztázia;150
Molnár Alex;206
Berti Gergely;160
Újfalusi Zsófia;205
Németh Viktória;201
Vőneki Milán;199
